﻿<?xml version="1.0" encoding="UTF-8" standalone="yes"?>
<addon id="repository.litus" name="Litus repository" version="1.0.0" provider-name="Litus">
	<extension point="xbmc.addon.repository" name="Litus Repository">
		<info compressed="false">http://raw.github.com/Litus23/repository.litus/master/addons.xml</info>
		<checksum>http://raw.github.com/Litus23/repository.litus/master/addons.xml.md5</checksum>
		<datadir zip="true">http://raw.github.com/Litus23/repository.litus/master/repo/</datadir>
	</extension>
	<extension point="xbmc.addon.metadata">
		<summary>litus Addon</summary>
		<description>Repositorio con todo lo necesario para instalar sin problemas litus.</description>
		<disclaimer></disclaimer>
		<platform>all</platform>
	</extension>
</addon