<?xml version="1.0" encoding="utf-8" standalone="yes"?>
<channel>
	<id>javus</id>
	<name>javus.net</name>

	<active>true</active>
	<adult>true</adult>
	<language>es</language>

	<fanart></fanart>
	<thumbnail>https://s15.postimg.org/pzd3h4vy3/javus.png</thumbnail>
	<bannermenu>https://s21.postimg.org/5pqzedp2f/javus_banner.png</bannermenu>

	<update_url></update_url>
	<version>1</version>
	<date></date>
	<changes></changes>

	<categories>
		<category>adult</category>
	</categories>

	<settings>
		<id>include_in_global_search</id>
		<type>bool</type>
		<label>Incluir en busqueda global</label>
		<default>false</default>
		<enabled>false</enabled>
		<visible>false</visible>
	</settings>
</channel>