<?xml version="1.0" encoding="utf-8" standalone="yes"?>
<channel>
	<id>metaserie</id>
	<name>MetaSerie (Latino)</name>

	<active>true</active>
	<adult>false</adult>
	<language>es</language>

	<fanart></fanart>
	<thumbnail>https://s32.postimg.org/7g50yo39h/metaserie.png</thumbnail>
	<bannermenu>https://s31.postimg.org/u6yddil8r/metaserie_banner.png</bannermenu>
	
	<update_url></update_url>
    <version>3</version>
    <date>04/01/2017</date>
    <changes>Release</changes>
    
	<categories>
		<category>latino</category>
		<category>serie</category>
	</categories>

	<settings>
		<id>include_in_global_search</id>
		<type>bool</type>
		<label>Incluir en busqueda global</label>
		<default>false</default>
		<enabled>false</enabled>
		<visible>false</visible>
	</settings>
</channel>