<?xml version="1.0" encoding="utf-8" standalone="yes"?>
<channel>
	<id>pelisplus</id>
	<name>PelisPlus</name>

	<active>true</active>
	<adult>false</adult>
	<language>es</language>

	<fanart></fanart>
	<thumbnail>https://s13.postimg.org/z5dbzfasn/pelisplus.png</thumbnail>
	<bannermenu>https://s16.postimg.org/p9xz2vlo5/pelisplus_banner.png</bannermenu>
	
	<update_url></update_url>
	<version>2</version>
	<date>06/12/2016</date>
	<changes>Release</changes>

	<categories>
		<category>latino</category>
		<category>movie</category>
		<category>serie</category>
		<category>documentary</category>
	</categories>

	<settings>
		<id>include_in_global_search</id>
		<type>bool</type>
		<label>Incluir en busqueda global</label>
		<default>true</default>
		<enabled>false</enabled>
		<visible>false</visible>
	</settings>
	<settings>
		<id>include_in_newest_peliculas</id>
		<type>bool</type>
		<label>Incluir en Novedades - Peliculas</label>
		<default>true</default>
		<enabled>true</enabled>
		<visible>true</visible>
	</settings>
	<settings>
		<id>include_in_newest_infantiles</id>
		<type>bool</type>
		<label>Incluir en Novedades - Infantiles</label>
		<default>true</default>
		<enabled>true</enabled>
		<visible>true</visible>
	</settings>
	<settings>
		<id>include_in_newest_documentales</id>
		<type>bool</type>
		<label>Incluir en Novedades - Documentales</label>
		<default>true</default>
		<enabled>true</enabled>
		<visible>true</visible>
	</settings>
</channel>