<?xml version="1.0" encoding="utf-8" standalone="yes"?>
<channel>
	<id>cinefox</id>
	<name>Cinefox</name>

	<active>true</active>
	<adult>false</adult>
	<language>es</language>

	<fanart></fanart>
	<thumbnail>http://media.tvalacarta.info/pelisalacarta/squares/cinefox.png</thumbnail>
	<bannermenu>http://media.tvalacarta.info/pelisalacarta/bannermenu/cinefox.png</bannermenu>

	<update_url>https://raw.githubusercontent.com/tvalacarta/pelisalacarta/master/python/main-classic/channels/</update_url>
	<version>1</version>
	<date>18/07/2016</date>
	<changes>Primera version</changes>

	<categories>
		<category>movie</category>
		<category>serie</category>
		<category>latino</category>
		<category>vos</category>
	</categories>

	<settings>
		<id>include_in_global_search</id>
		<type>bool</type>
		<label>Incluir en busqueda global</label>
		<default>true</default>
		<enabled>true</enabled>
		<visible>true</visible>
	</settings>
	<settings>
		<id>save_last_search</id>
		<type>bool</type>
		<label>Guardar última búsqueda</label>
		<default>true</default>
		<enabled>true</enabled>
		<visible>true</visible>
	</settings>
	<settings>
		<id>include_in_newest_peliculas</id>
		<type>bool</type>
		<label>Incluir en Novedades - Películas</label>
		<default>true</default>
		<enabled>true</enabled>
		<visible>true</visible>
	</settings>
	<settings>
		<id>include_in_newest_series</id>
		<type>bool</type>
		<label>Incluir en Novedades - Series</label>
		<default>true</default>
		<enabled>true</enabled>
		<visible>true</visible>
	</settings>
	<settings>
		<id>modo_grafico</id>
		<type>bool</type>
		<label>Buscar información extra</label>
 		<default>true</default>
 		<enabled>true</enabled>
 		<visible>true</visible>
 	</settings>
	<settings>
		<id>perfil</id>
		<type>list</type>
		<label>Perfil de color</label>
		<default>2</default>
		<enabled>true</enabled>
		<visible>true</visible>
		<lvalues>Perfil 3</lvalues>
		<lvalues>Perfil 2</lvalues>
		<lvalues>Perfil 1</lvalues>
		<lvalues>Ninguno</lvalues>
	</settings>
	<settings>
		<id>menu_info</id>
		<type>bool</type>
		<label>Mostrar menú intermedio película/episodio</label>
 		<default>true</default>
 		<enabled>true</enabled>
 		<visible>true</visible>
 	</settings>
	<settings>
		<id>last_page</id>
		<type>bool</type>
		<label>Ocultar opción elegir página en películas (Kodi)</label>
 		<default>false</default>
 		<enabled>true</enabled>
 		<visible>true</visible>
 	</settings>
	<settings>
		<id>filtro_defecto_peliculas</id>
		<type>label</type>
		<label></label>
 		<default></default>
 		<enabled>true</enabled>
 		<visible>false</visible>
 	</settings>
	<settings>
		<id>pers_peliculas1</id>
		<type>label</type>
		<label></label>
 		<default></default>
 		<enabled>true</enabled>
 		<visible>false</visible>
 	</settings>
	<settings>
		<id>pers_peliculas2</id>
		<type>label</type>
		<label></label>
 		<default></default>
 		<enabled>true</enabled>
 		<visible>false</visible>
 	</settings>
	<settings>
		<id>pers_peliculas3</id>
		<type>label</type>
		<label></label>
 		<default></default>
 		<enabled>true</enabled>
 		<visible>false</visible>
 	</settings>
	<settings>
		<id>filtro_defecto_series</id>
		<type>label</type>
		<label></label>
 		<default></default>
 		<enabled>true</enabled>
 		<visible>false</visible>
 	</settings>
	<settings>
		<id>pers_series1</id>
		<type>label</type>
		<label></label>
 		<default></default>
 		<enabled>true</enabled>
 		<visible>false</visible>
 	</settings>
	<settings>
		<id>pers_series2</id>
		<type>label</type>
		<label></label>
 		<default></default>
 		<enabled>true</enabled>
 		<visible>false</visible>
 	</settings>
	<settings>
		<id>pers_series3</id>
		<type>label</type>
		<label></label>
 		<default></default>
 		<enabled>true</enabled>
 		<visible>false</visible>
 	</settings>
	<settings>
		<id>last_search</id>
		<type>text</type>
 		<default></default>
 		<enabled>true</enabled>
 		<visible>false</visible>
 	</settings>
</channel>