<?xml version="1.0" encoding="utf-8" standalone="yes"?>
<channel>
	<id>estadepelis</id>
	<name>Estadepelis</name>

	<active>true</active>
	<adult>false</adult>
	<language>es</language>

	<fanart></fanart>
	<thumbnail>https://s24.postimg.org/nsgit7fhh/estadepelis.png</thumbnail>
	<bannermenu>https://s28.postimg.org/ud0l032ul/estadepelis_banner.png</bannermenu>
	
	<update_url></update_url>
	<version>1</version>
	<date>07/02/2017</date>
	<changes>Release</changes>


	<categories>
		<category>latino</category>
		<category>movie</category>
	</categories>

	<settings>
		<id>include_in_global_search</id>
		<type>bool</type>
		<label>Incluir en busqueda global</label>
		<default>false</default>
		<enabled>false</enabled>
		<visible>false</visible>
	</settings>
	<settings>
		<id>include_in_newest_peliculas</id>
		<type>bool</type>
		<label>Incluir en Novedades - Peliculas</label>
		<default>true</default>
		<enabled>true</enabled>
		<visible>true</visible>
	</settings>
	<settings>
		<id>include_in_newest_infantiles</id>
		<type>bool</type>
		<label>Incluir en Novedades - Infantiles</label>
		<default>true</default>
		<enabled>true</enabled>
		<visible>true</visible>
	</settings>
</channel>