<?xml version="1.0" encoding="utf-8" standalone="yes"?>
<channel>
	<id>playpornx</id>
	<name>PlayPornX</name>

	<active>true</active>
	<adult>true</adult>
	<language>es</language>

	<fanart></fanart>
	<thumbnail>https://s22.postimg.org/eewoqq1w1/playpornx.png</thumbnail>
	<bannermenu>https://s12.postimg.org/is9u6fsul/playpornx_banner.png</bannermenu>

	<update_url></update_url>
	<version>1</version>
	<date></date>
	<changes></changes>

	<categories>
		<category>adult</category>
	</categories>

	<settings>
		<id>include_in_global_search</id>
		<type>bool</type>
		<label>Incluir en busqueda global</label>
		<default>false</default>
		<enabled>false</enabled>
		<visible>false</visible>
	</settings>
</channel>